Layer,Name,GEOID,Population,Longitude,Latitude,LDPP_2021,LDPP_2021_se,LDPPH_2016,LDPPH_2016_se,LDPP_2020,LDPP_2020_se,LDPP_2019,LDPP_2019_se,LDPP_2018,LDPP_2018_se,LDPP_2017,LDPP_2017_se,LDPPH_2015,LDPPH_2015_se,LDPPH_2014,LDPPH_2014_se,LDPPH_2013,LDPPH_2013_se,LDPPH_2012,LDPPH_2012_se,LDPPH_2011,LDPPH_2011_se,LDPPH_2006,LDPPH_2006_se,LDPPH_2007,LDPPH_2007_se,LDPPH_2008,LDPPH_2008_se,LDPPH_2009,LDPPH_2009_se,LDPPH_2010,LDPPH_2010_se,LDPPH_2005,LDPPH_2005_se,LDPPH_2004,LDPPH_2004_se,LDPPH_2003,LDPPH_2003_se,LDPPH_2002,LDPPH_2002_se,LDPPH_2001,LDPPH_2001_se,LDPPH_1996,LDPPH_1996_se,LDPPH_1997,LDPPH_1997_se,LDPPH_1998,LDPPH_1998_se,LDPPH_1999,LDPPH_1999_se,LDPPH_2000,LDPPH_2000_se
,,,,,,"Lead poisoning rate (% of children ages 1-5), 2021",(Standard error),"Lead poisoning rate (historical) (% of children ages 1-5), 2016",(Standard error),"Lead poisoning rate (% of children ages 1-5), 2020",(Standard error),"Lead poisoning rate (% of children ages 1-5), 2019",(Standard error),"Lead poisoning rate (% of children ages 1-5), 2018",(Standard error),"Lead poisoning rate (% of children ages 1-5), 2017",(Standard error),"Lead poisoning rate (historical) (% of children ages 1-5), 2015",(Standard error),"Lead poisoning rate (historical) (% of children ages 1-5), 2014",(Standard error),"Lead poisoning rate (historical) (% of children ages 1-5), 2013",(Standard error),"Lead poisoning rate (historical) (% of children ages 1-5), 2012",(Standard error),"Lead poisoning rate (historical) (% of children ages 1-5), 2011",(Standard error),"Lead poisoning rate (historical) (% of children ages 1-5), 2006",(Standard error),"Lead poisoning rate (historical) (% of children ages 1-5), 2007",(Standard error),"Lead poisoning rate (historical) (% of children ages 1-5), 2008",(Standard error),"Lead poisoning rate (historical) (% of children ages 1-5), 2009",(Standard error),"Lead poisoning rate (historical) (% of children ages 1-5), 2010",(Standard error),"Lead poisoning rate (historical) (% of children ages 1-5), 2005",(Standard error),"Lead poisoning rate (historical) (% of children ages 1-5), 2004",(Standard error),"Lead poisoning rate (historical) (% of children ages 1-5), 2003",(Standard error),"Lead poisoning rate (historical) (% of children ages 1-5), 2002",(Standard error),"Lead poisoning rate (historical) (% of children ages 1-5), 2001",(Standard error),"Lead poisoning rate (historical) (% of children ages 1-5), 1996",(Standard error),"Lead poisoning rate (historical) (% of children ages 1-5), 1997",(Standard error),"Lead poisoning rate (historical) (% of children ages 1-5), 1998",(Standard error),"Lead poisoning rate (historical) (% of children ages 1-5), 1999",(Standard error),"Lead poisoning rate (historical) (% of children ages 1-5), 2000",(Standard error)
Community area,Rogers Park,1,52772,-87.67017100,42.00963000,3.1413612565,0.5644512464,0.6907137375,0.2294413923,2.6422764228,0.5113011634,2.8816199377,0.466859879,2.9411764706,0.4763626827,2.9935275081,0.4847108569,0.4601226994,0.18741165,0.824742268,0.2370987687,0.9078212291,0.2506388256,1.2203389831,0.2858761983,0.5517241379,0.1945250879,2.1011673152,0.4000990417,1.5825169555,0.3425901337,1.2772351615,0.3077903929,1.1053315995,0.2665965743,0.6430868167,0.2027069559,2.5541795666,0.438910595,4.0376850606,0.5106309963,4.678692221,0.5013954941,4.9303322615,0.5011909984,6.1561561562,0.5377246752,18.743047831,0.9203553206,16.277807922,0.8599151245,12.720848057,0.748636597,11.19804401,0.6973257374,7.8781512605,0.617390593
Community area,Norwood Park,10,41109,-87.80345100,41.98524800,0.2433090024,0.2430128258,0.2976190476,0.2971758321,0.4866180049,0.343252666,0.2066115702,0.2063980182,0.0,,0.7575757576,0.3081052693,0.2808988764,0.2805040781,0.2688172043,0.2684556477,0.0,,0.0,,0.0,,0.5747126437,0.4052137571,1.0025062657,0.4987342569,0.8379888268,0.4817816603,0.0,,0.5154639175,0.3635474157,0.296735905,0.296295317,0.3076923077,0.3072185702,0.9771986971,0.5614225545,0.3546099291,0.3539806297,1.5037593985,0.7462050544,1.9455252918,0.861560119,2.5641025641,1.0332829484,2.2556390977,0.9104159217,1.2765957447,0.7323232566,0.78125,0.5502650229
Community area,Jefferson Park,11,26201,-87.77116500,41.97883600,0.3039513678,0.3034890841,0.2597402597,0.2594027154,1.3661202186,0.6067600452,2.0501138952,0.6763300783,1.6587677725,0.6217336767,1.8617021277,0.69707649,0.5037783375,0.3553266533,0.283286119,0.2828845793,0.2433090024,0.2430128258,0.2551020408,0.2547764478,0.0,,1.2698412698,0.6308765133,1.256281407,0.5582859125,0.9950248756,0.4950310635,0.2512562814,0.2509404343,0.0,,0.0,,0.0,,1.5772870662,0.6997991423,1.9305019305,0.8549726346,1.1811023622,0.677870779,1.9230769231,0.952248017,4.5081967213,1.3282797862,1.8433179724,0.9131249229,2.0491803279,0.9069831382,1.872659176,0.8296000237
Community area,Forest Glen,12,19579,-87.75835800,41.99393800,0.6711409396,0.4729731174,0.0,,0.9771986971,0.5614225545,0.0,,0.0,,0.0,,0.0,,0.4464285714,0.4454309644,0.4237288136,0.42283013,0.0,,0.0,,0.0,,0.0,,0.0,,0.0,,0.395256917,0.3944750034,0.4347826087,0.4338363995,0.0,,0.8849557522,0.6229832188,0.0,,0.0,,3.5971223022,1.5794838911,0.0,,4.375,1.6170176541,0.0,,0.5154639175,0.5141336858
Community area,North Park,13,17522,-87.72357800,41.98365100,2.0467836257,0.7656534864,0.7575757576,0.4357266505,1.4836795252,0.6585809932,1.1441647597,0.508750349,1.4527845036,0.5887728189,1.902173913,0.7120834513,0.8403361345,0.4831254705,1.404494382,0.6236825074,1.1363636364,0.5649442886,1.2345679012,0.6134617222,0.5347593583,0.3771195652,1.1560693642,0.5746837282,1.4326647564,0.6361010069,0.2577319588,0.2573996157,1.0582010582,0.5262936099,0.2857142857,0.2853058305,1.1396011396,0.5665445399,2.0114942529,0.7525880942,3.1518624642,0.9352259574,3.4285714286,0.9726283108,2.752293578,0.9047179057,9.4827586207,1.9234859149,7.7981651376,1.8160915971,4.743083004,1.3363442907,3.7313432836,1.1577309989,6.1046511628,1.290842467
Community area,Albany Park,14,48549,-87.72155800,41.96807800,1.7376194613,0.3851530265,0.7989347537,0.229709448,2.2367194781,0.4514334978,2.4840312278,0.4146301692,1.9931271478,0.36640743,1.9581363943,0.3600391431,0.8044554455,0.222216551,0.6896551724,0.2072205872,0.8567931457,0.2280045149,0.9529481834,0.2370991908,1.4132278123,0.280641243,1.611974669,0.3021692867,1.5225666123,0.2855391399,1.4476614699,0.2818472545,1.1135857461,0.2476150173,0.8079552517,0.2231793732,2.4475524476,0.3730151292,2.7556968733,0.3768442177,5.0337311884,0.4980682294,5.4802259887,0.5409709423,6.6490765172,0.5723153149,15.114006515,0.9142261314,13.789039481,0.83696506,11.941143181,0.7714205425,11.015981735,0.7479982113,7.4273412271,0.608324352
Community area,Portage Park,15,63038,-87.76340100,41.95404300,0.9884678748,0.2839323172,0.3007518797,0.1501496403,1.0951979781,0.3020853375,1.1371712864,0.2826717517,1.6312056738,0.3373443801,1.3908205841,0.3088266598,0.6807866868,0.2261551256,0.2926115582,0.1460915685,0.5755395683,0.2028975555,0.2896451846,0.1446127044,0.4864489229,0.1834126721,1.3968775678,0.3364179936,1.5117157974,0.3354651728,0.8504606662,0.2444606486,1.2132822478,0.2766523227,0.8513425016,0.2351126834,1.733102253,0.3841605919,2.4086378738,0.4418534007,2.2281639929,0.4406401158,3.1161473088,0.5339329345,3.0710172745,0.5344832476,7.9051383399,0.9793807176,6.3901345291,0.8189047383,6.6499372647,0.8825451253,4.7297297297,0.7123449963,4.0498442368,0.6352268671
Community area,Irving Park,16,51911,-87.72345700,41.95358900,1.3713080169,0.3777156466,0.2533783784,0.1461026262,1.3485477178,0.3714893637,1.4795474326,0.356178443,1.625320787,0.3698315468,1.0517799353,0.2901731328,0.3736920777,0.166807628,0.5263157895,0.1984044829,0.5299015897,0.1997526163,0.9226401703,0.2547111142,0.6147540984,0.2042871908,0.8365019011,0.2511577068,1.6986706056,0.3511760982,0.7153075823,0.2253896535,1.1879804333,0.286411014,1.3148283419,0.3078638916,2.2660818713,0.4023624135,3.6697247706,0.519869424,3.530259366,0.4953408321,4.8780487805,0.5769418699,5.5442866802,0.5950491899,11.64021164,0.9523602153,9.6663815227,0.8642699518,8.3064516129,0.7837297216,6.334841629,0.6689369025,5.5515501081,0.614845953
Community area,Dunning,17,43120,-87.80601500,41.94652200,0.487804878,0.280946525,0.3466204506,0.2446725231,0.9451795841,0.4206947939,0.762195122,0.3395625117,0.4273504274,0.2462031171,0.6430868167,0.3205078391,0.3305785124,0.2333676172,0.163132137,0.1629990222,0.1497005988,0.1495885055,0.0,,0.1515151515,0.1514003238,0.6289308176,0.3619697098,0.5736137667,0.3302248609,0.7619047619,0.3794983589,0.3021148036,0.2133044822,0.3053435115,0.2155805812,0.6276150628,0.3612148424,0.8888888889,0.4424647266,0.6880733945,0.3958902824,0.9708737864,0.4830746559,0.7614213198,0.437929976,1.7857142857,0.7914332682,2.3054755043,0.8056578266,3.4364261168,1.0678584202,1.8072289157,0.7311008683,1.3812154696,0.613417631
Community area,Montclare,18,14412,-87.79803300,41.92930600,0.3802281369,0.3795045813,0.0,,0.3984063745,0.3976119443,0.6042296073,0.4259620968,1.3029315961,0.647207806,0.0,,0.0,,0.0,,0.3003003003,0.2998490599,1.226993865,0.6097215309,1.1730205279,0.5830601736,1.3071895425,0.6493088577,0.2688172043,0.2684556477,0.2994011976,0.2989526562,0.0,,0.7672634271,0.4412770631,1.9305019305,0.8549726346,1.6891891892,0.7490208897,0.9009009009,0.6341571254,2.0202020202,0.9998459119,2.6595744681,1.1734748147,2.1276595745,2.1049032028,7.2463768116,3.1210545047,16.666666667,4.8112522432,6.7226890756,2.295546216,3.3333333333,1.4656562176
Community area,Belmont Cragin,19,78151,-87.76550200,41.92727500,1.4705882353,0.2580471359,0.6646971935,0.1561490702,1.5663240333,0.2747125337,1.4189189189,0.2173850745,1.6654598117,0.2435052266,2.0596590909,0.2676468596,0.4142216086,0.1193275679,0.6440677966,0.1472826826,0.7311399136,0.1553086591,0.7782101167,0.1582321685,0.8134980416,0.1559196735,1.8436326391,0.2485631516,1.4429109159,0.2112051662,1.8382352941,0.2351238334,1.3915947676,0.1954270843,1.0673985971,0.179457792,2.3657529103,0.294510104,2.609019754,0.3077426689,4.4512663085,0.4039866847,4.1927899687,0.3967439524,6.233877902,0.5012994964,12.025723473,0.8248372429,11.33371494,0.758436013,9.4943820225,0.6948020946,7.1626873959,0.6076344978,7.3529411765,0.5778715059
Community area,West Ridge,2,77139,-87.69501700,42.00158300,2.2915650902,0.3304070436,0.6595636733,0.1823257814,2.4425287356,0.3378196138,3.4152436485,0.3706543151,3.2420091324,0.3784674033,3.0677655678,0.3689936388,0.7587253414,0.1951574465,1.0579345088,0.2296358145,1.2232415902,0.2481612698,1.2226184412,0.2480356328,1.0541447053,0.2235567024,1.3092269327,0.283820368,1.5340909091,0.2929625868,0.8633824276,0.2084950714,0.9905660377,0.2150859665,1.2860082305,0.2555424774,2.1851638873,0.3505860103,2.5791324736,0.3837720197,3.0547550432,0.4131442491,5.2141527002,0.5538802135,5.1266941662,0.5353647849,8.6874409821,0.8654923042,8.71751886,0.8167138942,7.7910958904,0.7842676181,5.9602649007,0.6422124953,5.0491803279,0.5606926693
Community area,Hermosa,20,24127,-87.73474100,41.92435300,2.6462395543,0.59900262,0.6818181818,0.2774005599,2.6785714286,0.6228324294,2.475780409,0.5098054171,2.39912759,0.5053227542,2.5751072961,0.518829518,0.6685768863,0.2518521526,0.9861932939,0.3103201124,0.4036326942,0.2014086369,0.7590132827,0.2673313672,0.6965174129,0.2623404131,2.1806853583,0.4706474046,1.9665683382,0.4353927044,1.842870999,0.4188698091,1.685891748,0.3834959719,0.9633911368,0.3031799849,3.3405172414,0.5898683634,3.6328871893,0.5785282058,5.3672316384,0.6915660797,6.7134268537,0.7921664222,7.6481835564,0.8217430315,15.919811321,1.2563709059,16.171224732,1.2696090778,13.506815366,1.2031801496,12.485276796,1.1344511616,10.229885057,1.0274049205
Community area,Avondale,21,36245,-87.71121900,41.93867300,1.4905149051,0.4460453387,0.569259962,0.2317369839,1.935483871,0.494879965,0.8639308855,0.3041234119,1.017293998,0.3200561254,2.3414634146,0.4723205717,0.7819287576,0.2596218984,0.2685765443,0.1548543691,0.6779661017,0.2388832992,0.4676539361,0.1904719769,0.8448540707,0.253654743,1.5943312666,0.3727797984,1.4414414414,0.3577537413,2.065404475,0.4172223451,2.2205773501,0.400893498,0.9508716323,0.2731848413,3.5103510351,0.5521519468,3.8994800693,0.5698536269,5.0440352282,0.6192542012,6.1611374408,0.6757794222,6.6773934031,0.7080457949,14.128440367,1.0550147655,14.036617262,1.0256667307,11.85520362,0.9724599163,9.527972028,0.868049292,8.2021541011,0.789817173
Community area,Logan Square,22,71742,-87.69914900,41.92276800,1.4492753623,0.3391131006,0.5576208178,0.1853546465,1.166781057,0.2813302156,1.0011778563,0.2416027029,1.2881355932,0.2936090633,1.9159456119,0.3408015289,0.704989154,0.1948383635,0.5795574289,0.1742360354,0.4651162791,0.1546777842,0.7877892664,0.1961700178,1.0900473934,0.2260484116,2.1367521368,0.3342211766,2.2896698616,0.3451507967,1.5159435442,0.2793617825,1.2333965844,0.2403926178,1.137487636,0.2358297487,2.9866666667,0.3931048979,3.1294452347,0.379132733,4.6712018141,0.4493886273,6.7701595515,0.5217068608,9.0497737557,0.5818730909,20.304568528,0.7659782973,19.852941176,0.7648420743,16.237218814,0.7458335825,14.229594064,0.7298816474,11.969964664,0.6822187652
Community area,Humboldt Park,23,53832,-87.72091700,41.90008000,2.4927536232,0.3753734694,0.652173913,0.1678405823,2.8624766646,0.4159647724,2.6715799171,0.3460780142,3.2097649186,0.3747656899,4.2119565217,0.4274625346,1.1435832274,0.2188206619,0.8838891121,0.1876111175,1.102292769,0.2192401375,1.6652789342,0.2611021438,1.5324165029,0.2434956219,4.9403046521,0.4397049121,3.7264537265,0.3832909113,2.5061626952,0.3168348357,2.2446689113,0.2865146888,1.5019762846,0.2418160014,7.4426655128,0.5459711538,9.3023255814,0.5867082404,12.130637636,0.6437616037,16.16047994,0.7127545709,17.190929042,0.7215881206,39.133070627,0.8497115118,36.402499178,0.8725240671,31.707317073,0.8748837728,28.079710145,0.8553965291,24.63474026,0.8680390084
Community area,West Town,24,87942,-87.67635800,41.90121600,0.7936507937,0.2383432441,0.3220611916,0.1607710782,0.75669383,0.2090735669,0.8513053348,0.2188684821,0.5617977528,0.1980667777,1.2583271651,0.3032629477,0.2167630058,0.1250124687,0.0757002271,0.0756715691,0.6360424028,0.2113388088,0.2764340014,0.1380258291,0.547778454,0.1820920292,1.8181818182,0.3677453795,1.4084507042,0.3391853111,1.2762078396,0.3388974529,0.9922041106,0.2638588713,0.6724949563,0.2119453022,1.9858156028,0.3715389661,3.300330033,0.4589705981,3.9383561644,0.4646922726,6.1427780852,0.5648552694,7.9556412729,0.5941988518,24.651438742,0.7422996255,21.412520064,0.7349901979,18.57753595,0.7667367553,14.603960396,0.717278611,11.050273768,0.6994696229
Community area,Austin,25,96753,-87.76311700,41.89411300,4.1341653666,0.3931577497,1.4176353842,0.1990577808,4.6360485269,0.4376714355,3.9657631954,0.3296343203,3.9718309859,0.3277785482,4.6812442254,0.3707052082,1.5275504637,0.2025624418,1.856271546,0.219798014,1.8118639861,0.2101327143,2.7527527528,0.2588269659,2.2569444444,0.2339069513,6.3196063196,0.3915790651,5.6937676327,0.371102132,3.9109179794,0.3194732384,2.3492907801,0.2254870177,2.457002457,0.2426630431,7.8890097933,0.4446099952,10.365198711,0.4994848385,16.672431685,0.6932179211,23.660130719,0.7682871379,27.753441802,0.792070102,49.358123063,0.7438084395,47.862431335,0.7720070834,40.199422724,0.7942242113,36.545648692,0.786800551,33.597792342,0.8772482738
Community area,West Garfield Park,26,17423,-87.73023300,41.87860200,2.5782688766,0.6801302785,1.1749347258,0.3893373244,4.0632054176,0.9380481434,4.2062415197,0.7394042894,5.0287356322,0.8283633819,6.4914992272,0.9686032268,1.3175230567,0.4138836258,1.0428736964,0.3458071722,0.5747126437,0.2562796823,2.0571428571,0.4798600379,1.5892420538,0.4372599098,6.4766839378,0.8857836311,6.5051020408,0.8807709485,3.7037037037,0.6868501732,1.4511873351,0.434363011,2.4050632911,0.5450838975,10.823529412,1.065614516,12.397660819,1.1270538565,19.324796275,1.3471964061,23.554603854,1.3884816098,28.776290631,1.3997931289,51.639344262,1.3641439208,50.818505338,1.3337475763,46.509598604,1.473387277,38.075313808,1.4046550997,37.282941777,1.5454557691
Community area,East Garfield Park,27,19995,-87.70589200,41.87892300,2.04778157,0.5850596476,1.1292346299,0.3742802246,2.1097046414,0.6600722542,1.902173913,0.5035190372,2.5710419486,0.582205617,3.4582132565,0.6935915868,0.9925558313,0.3491755907,0.5549389567,0.2474866748,0.9237875289,0.3250961298,1.1173184358,0.3513476737,1.0869565217,0.3418526534,3.4134007585,0.6456004674,3.5714285714,0.6298889478,2.3543990087,0.5337398228,1.495972382,0.4117929374,0.9512485137,0.3347137092,7.2955974843,0.9223527516,10.751445087,1.0532366505,15.492957746,1.2947565064,21.07674685,1.380375228,24.239244491,1.3881462934,52.281515855,1.3890508439,47.422680412,1.4635776858,43.984962406,1.5217160261,40.201005025,1.554368038,29.240506329,1.6183455462
Community area,Near West Side,28,67817,-87.66351300,41.87401600,0.5025125628,0.2241650895,0.8348794063,0.2771289945,0.7640878701,0.2691118023,1.0169491525,0.2920714007,1.185770751,0.3402670174,0.756859035,0.2665755148,0.3738317757,0.1865661852,0.5212858384,0.2122586428,0.32599837,0.1627332808,0.5937234945,0.2237392192,0.6728343146,0.2370812238,1.7857142857,0.4569342105,1.1780104712,0.3903504575,1.5364916773,0.4401262202,0.9414225941,0.3123269109,0.3042596349,0.1753969406,2.5761124122,0.5421084759,5.0949050949,0.6950175553,7.6677316294,0.8683152101,7.91015625,0.843428789,10.156971376,0.9179310863,26.273458445,1.0191336345,23.656509695,1.0002826522,20.233702337,0.9962931059,16.054715623,0.9850274611,15.488215488,1.0496659441
Community area,North Lawndale,29,34817,-87.71721800,41.86019700,2.4284475282,0.4533267178,1.4697569248,0.2861169707,3.0046948357,0.523119294,3.6236490782,0.4711876995,3.219927096,0.4351120155,4.3956043956,0.5065137985,0.9120171674,0.2201856676,0.6003001501,0.1727708084,1.0030090271,0.2231520295,1.6580310881,0.2906612452,1.7137096774,0.2913696166,4.8901098901,0.5055178034,3.2170119956,0.4120274851,2.2943480694,0.354182598,1.8252212389,0.3148172417,1.7923036373,0.3046105141,6.8817204301,0.58696136,11.303939962,0.6857621093,13.956978489,0.7750810767,21.256281407,0.9171176833,24.689589303,0.9423149953,49.037776194,0.943725599,48.494983278,0.9634214787,37.541118421,0.9819037526,32.255354893,0.9579849815,30.848190167,1.0735280854
Community area,Uptown,3,52255,-87.65589900,41.96582200,0.9575923393,0.3601987801,0.2205071665,0.1557501081,0.4457652303,0.2567884184,0.906002265,0.318865817,1.5053763441,0.399288987,1.74291939,0.4319159461,0.1060445387,0.1059882966,0.3092783505,0.1782855984,0.5133470226,0.2289857493,0.5133470226,0.2289857493,0.4739336493,0.2114467247,2.0517395183,0.4234056696,1.0721247563,0.3215202438,0.8720930233,0.2894273216,0.9274873524,0.2783480879,0.484496124,0.2161477296,2.4305555556,0.4537153293,3.5420098847,0.5304990924,5.3097345133,0.6089185798,6.0546875,0.608538159,6.6494512589,0.6330319532,12.087326944,0.7522168946,14.106583072,0.7956460087,14.549180328,0.7980635454,12.770562771,0.7764000772,7.1253071253,0.6375632699
Community area,South Lawndale,30,71402,-87.71400000,41.83909100,2.780395853,0.3569090419,0.8647140865,0.154634295,2.8375286041,0.3552169491,2.8836251287,0.3100597481,2.0671834625,0.2557132061,3.9378238342,0.3614764995,0.8128016256,0.1430992594,0.8544860518,0.1459157103,1.0256410256,0.1538262295,0.9515178976,0.1461222089,0.8831382214,0.1340813039,2.5366627031,0.2213494146,1.8307086614,0.1880899496,1.2274645186,0.1524884891,1.0690172543,0.1408359244,0.942450371,0.1368211861,3.3061143199,0.2523267704,4.1160329283,0.2781263844,6.1008554705,0.3591177811,7.5571989831,0.4018125797,8.6637931034,0.412968125,19.703389831,0.5789593624,22.487143525,0.6383129076,17.413600892,0.5662618909,15.095805282,0.5760850189,10.836937166,0.495785984
Community area,Lower West Side,31,33716,-87.66757000,41.85027700,2.4590163934,0.6270603779,0.3633060854,0.1813227642,2.4096385542,0.6361966072,1.6497461929,0.4537673055,1.5568862275,0.4284280249,1.4874141876,0.4094549285,0.4995836803,0.2034440846,0.2906976744,0.1451374206,0.3267973856,0.1459092341,0.4869141814,0.1717305366,0.7202216066,0.1990328993,1.4631685166,0.2697085073,1.4795918367,0.272713118,0.7671232877,0.2042344216,0.9454949944,0.2282295581,0.65828845,0.1978270668,2.49500998,0.3484180984,3.0979498861,0.369816611,5.5528730082,0.5032261454,6.8192656175,0.5504687291,6.9058295964,0.5369288507,21.946472019,0.9130040701,22.894856623,0.8963871252,16.818181818,0.7974296612,14.460909555,0.7950321771,9.7222222222,0.6483476704
Community area,Loop,32,39135,-87.62519400,41.87888100,0.6688963211,0.4713965937,0.0,,0.5333333333,0.3761166092,1.2406947891,0.5514028024,0.3144654088,0.313970577,0.8746355685,0.5027579026,0.5917159763,0.4171666541,0.3154574132,0.3149594533,0.9933774834,0.5706710048,0.406504065,0.4056769959,0.4366812227,0.4357267271,0.0,,0.0,,0.0,,0.0,,0.0,,2.1276595745,1.4883913285,4.4943820225,2.1961118156,8.1632653061,2.7658405191,4.6728971963,2.0403723121,5.1470588235,1.8946784374,20.437956204,3.445176006,12.871287129,3.3321991676,13.043478261,4.0543687315,12.5,3.6975498644,12.745098039,3.3019190497
Community area,Near South Side,33,27044,-87.62034400,41.85719600,0.2331002331,0.232828396,0.2304147465,0.2301491387,0.0,,0.0,,0.5194805195,0.3663728565,0.0,,0.2288329519,0.2285709794,0.0,,0.0,,0.0,,0.2493765586,0.2490654212,2.0833333333,0.9219387533,1.4285714286,0.8188735775,0.0,,0.9868421053,0.566935301,0.2906976744,0.2902748412,2.1897810219,0.8841321393,2.04778157,0.8273992884,2.9585798817,0.9216411803,5.1724137931,1.3005138439,4.8632218845,1.1858733605,20.767494357,1.9272669884,16.515837104,1.7662054035,10.119047619,1.3433475401,9.4594594595,1.5214365302,7.4303405573,1.4592759718
Community area,Armour Square,34,13847,-87.63397600,41.84208300,0.7194244604,0.5068767197,0.5076142132,0.3580252846,0.0,,0.2481389578,0.2478309019,0.518134715,0.3654261758,1.246882793,0.5541355799,0.2645502646,0.2642000986,0.0,,0.0,,0.293255132,0.2928248234,0.0,,0.9389671362,0.6608255412,0.0,,0.6944444444,0.4893383833,1.0714285714,0.6152667771,0.0,,1.1560693642,0.8127255224,1.4925373134,0.8552619212,0.0,,2.3391812865,1.1558302744,3.6529680365,1.2677103874,10.276679842,1.9090566712,8.3720930233,1.8889117831,5.7553956835,1.3968296437,4.5454545455,1.2819910791,4.8245614035,1.4191357446
Community area,Douglas,35,17630,-87.61868000,41.83512200,0.5405405405,0.3811854552,0.0,,0.9036144578,0.519339614,0.3921568627,0.2767525237,0.6451612903,0.3712805389,0.6756756757,0.3887813889,0.0,,0.2136752137,0.2134468061,0.4405286344,0.3108139023,0.6756756757,0.3887813889,0.0,,1.0416666667,0.5181135584,0.4901960784,0.3457703663,1.3368983957,0.5938691727,0.6153846154,0.433801668,0.0,,2.2883295195,0.7153058586,2.1141649049,0.6614526861,2.7372262774,0.6970090167,6.7226890756,1.0265994769,8.0924855491,1.0367246616,19.037656904,1.036749194,18.097447796,1.0706761324,13.354531002,0.9590625399,12.571428571,1.1207660854,11.325611326,1.1368925454
Community area,Oakland,36,4280,-87.60321700,41.82375400,0.0,,0.4424778761,0.4414978575,0.6578947368,0.6557270382,0.0,,0.4784688995,0.4773228646,0.9345794393,0.6577521378,0.4273504274,0.4264363077,0.0,,0.0,,0.0,,0.0,,0.5434782609,0.5419994057,0.0,,0.0,,1.2931034483,0.7417309331,0.4424778761,0.4414978575,0.7604562738,0.535675309,1.5267175573,0.7575091999,2.9914529915,1.1136229244,8.1871345029,2.0966197787,6.4377682403,1.6078295077,20.403587444,1.9082381961,22.615803815,2.1837309019,15.223097113,1.8404659811,9.6525096525,1.8349671208,15.384615385,2.3586313103
Community area,Fuller Park,37,2549,-87.63242700,41.80908200,6.3829787234,3.5656620493,2.2727272727,1.5886938532,2.5641025641,2.5310159836,11.956521739,3.3826503659,6.5217391304,2.5742048831,6.976744186,2.7470903406,0.0,,1.8181818182,1.2739073632,2.5641025641,1.4612827594,6.9306930693,2.5271492187,2.9702970297,1.6892409641,8.9430894309,2.5730468076,6.7796610169,2.3142929114,2.8368794326,1.3981752504,0.0,,1.2820512821,1.2738064938,9.0909090909,2.5021903753,19.53125,3.5040771715,15.602836879,3.0560197184,24.683544304,3.4302056171,29.710144928,3.8900856713,50.0,3.3259505262,60.087719298,3.2432371738,46.188340807,3.3385043066,42.931937173,3.5815426258,36.075949367,3.82043209
Community area,Grand Boulevard,38,24586,-87.61786000,41.81294700,1.5544041451,0.5140919897,0.6033182504,0.3007477662,0.7194244604,0.3584159657,0.7947019868,0.3231440075,1.7735334243,0.487508242,2.5817555938,0.6579450843,0.6435006435,0.2868548018,0.7237635706,0.2944040275,1.1248593926,0.3537054862,1.4,0.3715373467,1.121304791,0.3361852838,2.3547880691,0.6008024201,3.2496307238,0.6814735235,2.9342723005,0.5781804023,1.872246696,0.4498156278,2.0531400966,0.4928212008,5.2005943536,0.8558975145,5.0125313283,0.7724320075,5.0537634409,0.718298332,11.073825503,1.0495300637,14.511041009,1.142126059,25.703324808,0.9022259993,24.297815426,0.9055724127,21.397616468,0.9545192888,20.152574698,1.0114196033,18.764845606,1.098608178
Community area,Kenwood,39,14716,-87.59618600,41.80891800,0.6006006006,0.4234114952,0.0,,0.6269592476,0.4419352102,0.4705882353,0.3319722534,1.7676767677,0.6621875967,1.2861736334,0.6389378262,0.0,,0.0,,0.0,,0.0,,0.4587155963,0.3236161066,1.4634146341,0.5930489245,1.4051522248,0.5696064003,0.6928406467,0.3986236033,1.0989010989,0.4887358132,0.2673796791,0.2670219804,2.0979020979,0.6919264964,2.2675736961,0.7088931028,2.5862068966,0.7368564164,6.157635468,1.1930082359,8.9709762533,1.4678787761,20.833333333,1.9018144358,17.597765363,2.0125966374,19.726027397,2.0828632709,18.181818182,2.0243716883,12.103746398,1.7509766422
Community area,Lincoln Square,4,40412,-87.68751300,41.97518200,1.6501650165,0.5175045751,0.3994673768,0.2301714856,0.6688963211,0.333327728,0.9696969697,0.3411733493,1.2295081967,0.4073087893,0.7802340702,0.3172841552,0.248447205,0.1754603333,0.5108556833,0.2547745724,1.045751634,0.3677907314,1.2430939227,0.411781116,0.3957783641,0.2280501146,0.5457025921,0.2721057993,1.8544935806,0.5095524198,0.7102272727,0.3164933588,0.6570302234,0.2928659725,0.9735744089,0.3661808945,1.7955801105,0.4935130341,2.8497409326,0.5988471977,2.1907216495,0.5254758565,3.8798498123,0.6831896651,4.5871559633,0.7084626045,10.490307868,1.0347355066,11.162255466,1.0682302021,8.1015719468,0.9488245937,7.3849878935,0.9099668349,6.4965197216,0.8394612152
Community area,Washington Park,40,12709,-87.61793600,41.79235600,0.75,0.4313858482,0.6263048017,0.3604631168,1.6129032258,0.6531331966,2.4,0.6844559884,2.140077821,0.6383158913,1.8518518519,0.648637871,0.3921568627,0.2767525237,0.3676470588,0.2594874102,0.3552397869,0.2507458975,1.1400651466,0.4284407874,0.1712328767,0.1710862104,4.7839506173,0.8384186304,3.8585209003,0.7722726166,2.3728813559,0.6266098855,1.0273972603,0.4172729899,0.5825242718,0.33533954,5.6358381503,0.8766570959,8.7621696801,1.0544569627,9.4151212553,1.1030159778,13.496932515,1.3381644695,17.663421419,1.4222285035,34.683724236,1.2688974381,33.847402597,1.3481268863,31.649189704,1.4360361985,23.968784838,1.4253540456,23.428571429,1.6008743966
Community area,Hyde Park,41,23914,-87.59230500,41.79408800,0.9771986971,0.5614225545,0.0,,1.2084592145,0.6005675759,1.3667425968,0.5541442013,1.2224938875,0.5433638266,0.8474576271,0.596698467,0.4608294931,0.4597664479,0.2717391304,0.2713696685,0.2506265664,0.250312301,0.7352941176,0.4229586336,0.0,,1.4457831325,0.5859561733,2.6470588235,0.8705964182,0.7246376812,0.5105363347,0.6734006734,0.4745602213,1.2738853503,0.6328727122,2.806122449,0.8341222958,1.1655011655,0.5181816054,2.6086956522,0.7431780643,5.9382422803,1.151846093,7.4792243767,1.3845043118,14.426229508,2.0118557236,14.233576642,2.1107674601,8.6956521739,1.6295257026,8.5245901639,1.5989652176,7.5235109718,1.4768303344
Community area,Woodlawn,42,24630,-87.59492400,41.77887700,2.6269702277,0.6693123876,0.7374631268,0.3285851964,1.6064257028,0.5633768788,0.9523809524,0.3582479394,2.6954177898,0.5945354275,2.6800670017,0.6609773245,0.9589041096,0.3606898145,1.4616321559,0.4188419262,2.3952095808,0.5291320756,2.2458628842,0.5094176765,2.0606060606,0.4945944267,2.4137931034,0.520336886,2.8835063437,0.5683258418,1.9653179191,0.471952429,0.9142857143,0.3217677122,1.2610340479,0.396251665,5.6792873051,0.7723466874,9.3532338308,0.9184891336,10.855565777,0.9435362195,14.661274014,1.1247623929,19.182083739,1.2286169254,41.706539075,1.3923974786,36.386986301,1.407746991,33.858267717,1.4846473105,26.673228346,1.3874655859,26.379690949,1.4640960566
Community area,South Shore,43,45611,-87.57279000,41.76158300,3.92,0.5489142738,1.2587412587,0.2948149785,3.8427167113,0.57463918,3.2960199005,0.4452193844,2.8056112224,0.4267990473,3.8970588235,0.5247680264,0.6024096386,0.2001974703,1.041064199,0.2441005553,0.5102040816,0.1696336254,1.3982102908,0.2776801842,1.1627906977,0.2522621766,3.0837004405,0.4336831559,2.9943502825,0.4051008765,2.4062674874,0.3625105409,1.8826135105,0.319811958,1.4371257485,0.2912365177,5.5378739656,0.5770484771,7.1862348178,0.5809830036,9.8399246704,0.646287511,14.160516605,0.7487786581,15.811764706,0.7914735527,34.081632653,1.0706200714,32.513368984,1.0832259544,28.025477707,1.0807362998,21.729365525,0.9772169476,20.116807268,1.0211884998
Community area,Chatham,44,31804,-87.61596500,41.74020600,3.0063291139,0.6792527734,0.4178272981,0.2407282074,2.9469548134,0.7496049237,3.8186157518,0.6620281892,3.37922403,0.6392494504,3.125,0.6557594216,0.7633587786,0.3104481724,1.2941176471,0.3876581639,0.4429678848,0.2209928466,1.0227272727,0.3391613256,0.4866180049,0.2427162878,3.313253012,0.5671280212,3.5105315948,0.5828795528,2.0348837209,0.4395068814,1.3765978368,0.3653701428,0.7194244604,0.2926454106,4.1164658635,0.62951286,6.6287878788,0.7655817994,7.355679702,0.7965603115,10.150753769,0.9574030908,14.022517912,1.1108568081,25.259515571,1.4756416821,27.566320646,1.5175748693,23.163138232,1.4887635807,18.286445013,1.3823191298,14.923469388,1.2725702139
Community area,Avalon Park,45,9359,-87.58634700,41.74419700,1.8867924528,1.0790143986,1.5957446809,0.9139232328,3.3333333333,1.6386534671,2.3364485981,1.032612755,3.431372549,1.2744913198,3.5714285714,1.4317566531,1.2658227848,0.7261829318,2.3076923077,0.9311774742,2.4691358025,0.9954979907,0.8230452675,0.5795809584,0.8130081301,0.5725418676,2.2304832714,0.9003784242,4.8507462687,1.3123194794,1.1538461538,0.6623189286,2.2471910112,0.9070453199,1.1952191235,0.6859238212,4.1935483871,1.1384326954,6.7137809187,1.4876443276,4.9469964664,1.2890225193,8.3916083916,1.6394841289,12.925170068,1.9565492544,18.316831683,2.7215466313,20.103092784,2.8773689826,17.989417989,2.7939112174,15.736040609,2.5943917324,13.989637306,2.4968931769
Community area,South Chicago,46,25975,-87.55143500,41.74124300,3.7323037323,0.6800146509,0.622406639,0.2533044555,4.2553191489,0.8165876204,4.0752351097,0.6391248995,4.5901639344,0.6918311716,5.5427251732,0.7775358683,0.6517690875,0.2455414452,0.8583690987,0.2702726526,1.1317704123,0.3007618149,1.7080745342,0.3610392337,1.8422991894,0.3650499937,5.0684931507,0.5740744142,2.9871011541,0.4435456582,1.7712177122,0.3583320926,1.7057569296,0.3452037976,1.9455252918,0.3853013985,5.9515570934,0.6223822285,5.931198102,0.5752614029,8.502994012,0.682544769,13.175470553,0.8334076582,12.340425532,0.8109270656,24.848116646,1.065127892,24.387011266,1.1054341369,24.20606916,1.1378746583,21.607022282,1.0694451401,18.761904762,1.2048241942
Community area,Burnside,47,2514,-87.59647000,41.72818100,0.0,,0.0,,0.0,,0.0,,4.2857142857,2.420755731,0.0,,1.5151515152,1.5036292832,0.0,,2.9411764706,2.0489133706,5.7142857143,2.7743094642,2.9850746269,2.079023853,3.4482758621,1.9562366515,3.4482758621,1.9562366515,1.1904761905,1.1833688064,0.9900990099,0.9851853368,2.4390243902,1.7034885263,2.380952381,1.6634241214,4.0816326531,1.9987331197,6.9306930693,2.5271492187,7.2072072072,2.4545910009,8.8235294118,2.8084226783,25.663716814,4.1088565262,33.962264151,4.5998267285,31.944444444,5.4949432734,22.950819672,3.807178125,21.348314607,4.3435098479
Community area,Calumet Heights,48,13085,-87.57272000,41.72967300,0.4385964912,0.4376335999,0.0,,1.1695906433,0.8221748439,1.2145748988,0.6969636219,1.393728223,0.6919908761,2.2831050228,1.0093126504,1.4018691589,0.8036763622,0.7782101167,0.5481323106,0.3937007874,0.3929250215,0.3436426117,0.3430516523,0.3802281369,0.3795045813,1.3927576602,0.6185074859,2.9255319149,0.8690825049,2.0895522388,0.7814815538,1.1730205279,0.5830601736,0.0,,3.0985915493,0.9196721482,2.1276595745,0.7441956642,3.2085561497,0.9112499238,5.3333333333,1.1603320087,6.0773480663,1.2557059241,15.181518152,2.061491435,16.104868914,2.249527698,16.79389313,2.3094185403,12.903225806,2.2757278113,12.307692308,2.0374285649
Community area,Roseland,49,38934,-87.62336600,41.70658800,2.1464646465,0.5149766521,1.2987012987,0.3724603829,3.1437125749,0.6751450595,4.0423484119,0.6110108229,4.6721311475,0.6042094858,5.5614973262,0.749487868,1.8975332068,0.4202564145,1.0556621881,0.3166096129,1.6085790885,0.376083935,2.0753266718,0.3952306815,2.2279348757,0.4320392586,5.5192447349,0.6153816388,4.5387994143,0.5631947418,2.4113475177,0.4085262867,1.9543973941,0.3533184427,2.8169014085,0.4762418531,7.7507598784,0.7370986153,7.0481507327,0.6761507183,10.824417873,0.7794052068,14.150347442,0.8760166592,18.199233716,0.9750106473,33.465871438,1.2147270029,33.63114231,1.1934891702,29.207596595,1.1636482501,26.985242446,1.1767007651,22.839506173,1.166106868
Community area,North Center,5,35150,-87.68383900,41.94781100,0.0,,0.1555209953,0.1554000144,0.3120124805,0.2202816813,0.2836879433,0.2003129306,0.4830917874,0.2782386546,0.6369426752,0.3174554775,0.1322751323,0.1321876198,0.1672240803,0.1670842023,0.1748251748,0.1746722888,0.4958677686,0.2855786992,0.9242144177,0.4114068319,1.6587677725,0.6217336767,0.2680965147,0.2677368948,0.5464480874,0.3853399721,0.5555555556,0.319857936,1.1787819253,0.4783909378,1.1135857461,0.4952300345,0.2252252252,0.2249714502,1.0416666667,0.4634148547,1.3483146067,0.54672366,4.4230769231,0.901648152,9.8646034816,1.3114212957,9.8969072165,1.3559657791,8.1927710843,1.3462626629,5.8962264151,1.1439516454,3.9800995025,0.9750223345
Community area,Pullman,50,6866,-87.59825200,41.70613100,3.5714285714,1.5684108315,0.6993006993,0.6968513023,4.6296296296,2.0219386839,5.9210526316,1.9143612355,1.3422818792,0.942745054,2.8368794326,1.3981752504,0.5128205128,0.5115038983,1.0526315789,0.7403950747,0.5076142132,0.5063242131,0.9478672986,0.6670593224,3.9647577093,1.2951221044,3.6144578313,1.182845045,2.0920502092,0.9257550279,2.3622047244,0.9529078193,1.5267175573,0.7575091999,2.2935779817,1.013888188,3.4334763948,1.1928954196,5.1383399209,1.3880225291,7.3643410853,1.6260960393,6.5972222222,1.4627301352,9.0551181102,1.8006086537,17.727272727,2.5747648387,18.222222222,2.573517126,22.175732218,2.6871849313,17.156862745,2.639563555,15.584415584,2.3864403651
Community area,South Deering,51,14125,-87.57005800,41.69063900,2.0467836257,0.7656534864,0.4866180049,0.343252666,1.4134275618,0.7017015632,1.7811704835,0.6671966342,1.3636363636,0.5528934885,2.4509803922,0.7655107457,0.4415011038,0.3114985044,0.5825242718,0.33533954,0.1964636542,0.1962705695,0.2057613169,0.2055495193,0.1923076923,0.1921226921,1.568627451,0.5502266075,1.5841584158,0.5556305555,0.5882352941,0.3386174562,0.5870841487,0.3379567564,0.7936507937,0.395247556,1.8711018711,0.6178380334,2.8248587571,0.7189996827,4.4722719141,0.8742243946,4.4750430293,0.857766275,5.6776556777,0.9903654871,11.632270169,1.3887225409,12.050739958,1.4968985994,9.5528455285,1.3251995517,9.429280397,1.4557294275,7.8167115903,1.3936418762
Community area,East Side,52,21529,-87.53490700,41.70730600,1.5957446809,0.5276538245,0.3210272873,0.226635912,2.2624434389,0.7073078358,1.0869565217,0.4085920715,1.8575851393,0.5312347487,3.0303030303,0.7033440645,0.8902077151,0.3618045395,0.3947368421,0.2274511718,0.3870967742,0.2230574452,1.0075566751,0.3544259506,1.0309278351,0.341866669,1.9255455712,0.4923638084,1.6181229773,0.4144035312,1.6009852217,0.4404646121,1.5222482436,0.4189699433,0.8383233533,0.3155255084,3.1806615776,0.6259339584,1.6241299304,0.4305276467,2.3602484472,0.5350498578,3.3292231813,0.6299537015,6.8181818182,0.949978004,8.1260364842,1.1126970949,10.766423358,1.3240658902,9.3699515347,1.1712765647,8.5616438356,1.157807504,6.4748201439,1.2050639738
Community area,West Pullman,53,25788,-87.63574500,41.67382000,3.6101083032,0.7925396144,0.2919708029,0.2061529209,3.0172413793,0.7941331106,4.132231405,0.738686762,4.6703296703,0.7820276791,4.9689440994,0.8562920248,1.2376237624,0.3889416072,1.3664596273,0.4091784692,1.2557077626,0.3762255078,0.8474576271,0.2983492335,1.1363636364,0.3406742241,4.5497630332,0.6415886382,3.2229965157,0.5212487895,2.5112107623,0.4685775601,1.8356643357,0.396881165,2.3092369478,0.475917123,5.5555555556,0.6970117155,7.3784722222,0.7702167409,8.3922261484,0.8241030862,12.600969305,0.9431808242,14.467408585,0.9917926101,28.775356875,1.2408991082,31.591639871,1.3180457488,28.75,1.30653406,26.307053942,1.2683979856,20.0324412,1.1398358683
Community area,Riverdale,54,7229,-87.60284900,41.66013700,0.6006006006,0.4234114952,0.0,,0.4081632653,0.4073294273,0.5347593583,0.3771195652,0.6622516556,0.466729456,0.6535947712,0.6514553391,0.0,,0.0,,0.0,,0.0,,0.0,,0.0,,0.0,,0.0,,0.0,,0.0,,1.7543859649,1.7389285185,1.4492753623,1.438735038,2.9090909091,1.0134482648,3.2374100719,1.0615249368,6.5853658537,1.2249136773,12.458471761,1.3459880447,10.654685494,1.1054458649,13.69047619,1.8752924222,5.4279749478,1.035219645,4.1501976285,0.8866551509
Community area,Hegewisch,55,9884,-87.55680300,41.66818800,0.0,,0.5494505495,0.5479389907,0.0,,1.5706806283,0.8996829726,0.9661835749,0.6798864881,1.1299435028,0.7944638172,1.0256410256,0.7215089709,0.5434782609,0.5419994057,0.5747126437,0.5730587909,0.5434782609,0.5419994057,0.9345794393,0.6577521378,1.3422818792,0.942745054,1.5706806283,0.8996829726,0.0,,1.5957446809,0.9139232328,0.0,,1.2048192771,0.846788185,0.0,,0.0,,1.7699115044,1.2403916157,4.3859649123,1.9179663092,4.9180327869,1.9577844458,7.1428571429,2.6015405682,7.8431372549,2.6620037483,6.3636363636,2.3274405931,6.976744186,2.7470903406
Community area,Garfield Ridge,56,35352,-87.76424600,41.79618500,0.5376344086,0.3095678283,0.1349527665,0.1348616745,0.1949317739,0.1947416892,0.58910162,0.2936819267,0.9957325747,0.3744731227,1.244813278,0.4123470716,0.3821656051,0.2202213998,0.1288659794,0.1287829204,0.2463054187,0.1739496116,0.5889281508,0.2625999809,0.1100110011,0.1099504723,0.5856515373,0.2919670402,0.1438848921,0.1437813405,0.7792207792,0.3168737159,0.7518796992,0.3057974637,0.0,,1.2578616352,0.4419154057,0.7285974499,0.3629691631,1.2526096033,0.5081628656,1.5873015873,0.5951631046,3.4557235421,0.8488721128,8.7209302326,1.5212051518,9.022556391,1.4343172428,7.7102803738,1.2894065268,5.5696202532,1.1539051532,3.4398034398,0.9033762719
Community area,Archer Heights,57,14282,-87.72636500,41.81087300,1.6826923077,0.630624266,0.1697792869,0.1696351007,0.9638554217,0.479599544,1.1342155009,0.4604081063,0.9746588694,0.4337513212,1.593625498,0.5589241722,0.7155635063,0.3564993771,0.6568144499,0.3273269351,0.1481481481,0.1480383681,0.7429420505,0.3310172582,0.5555555556,0.2770050982,0.9756097561,0.3963433701,0.9146341463,0.3716862921,0.9419152276,0.3827199985,1.2139605463,0.4265867539,1.4354066986,0.4750225,1.581027668,0.5545412916,1.8181818182,0.6005256901,1.6853932584,0.6822360283,3.355704698,1.0432102553,5.035971223,1.3115920856,5.6179775281,2.4408418176,6.4,2.1891368162,4.6052631579,1.7000732705,5.4945054945,1.6891069212,1.7699115044,0.8770893228
Community area,Brighton Park,58,45141,-87.69885900,41.81736400,2.102973169,0.3863843112,0.3664681631,0.1293284345,2.4426350851,0.4199829421,1.0309278351,0.2417362399,1.7127071823,0.3049656736,2.7605633803,0.3888847382,0.7166746297,0.1843803176,0.6773920406,0.1687734605,0.8513931889,0.1807432716,1.3413342746,0.2161288998,1.0217534608,0.18257241,2.2239563012,0.2912762347,1.6877637131,0.2522836436,1.3956734124,0.2191299781,1.3629842181,0.2195932524,1.4285714286,0.2271146671,3.3333333333,0.3575835024,3.2664305392,0.3526330292,3.9120879121,0.4064882353,5.7522123894,0.5162708026,6.7574137093,0.5534523859,11.859838275,0.969122603,13.197969543,0.9844864991,9.5851216023,0.7873451907,9.6473719228,0.7615447267,7.2337962963,0.6231694585
Community area,McKinley Park,59,15927,-87.67250000,41.82992700,0.5747126437,0.4052137571,0.3454231434,0.2438288323,1.7595307918,0.7119778131,1.1848341232,0.5267255111,0.8888888889,0.4424647266,1.8867924528,0.6607586754,0.1776198934,0.1774620792,0.1560062402,0.155884503,1.3636363636,0.451435643,1.1940298507,0.4196254154,0.6802721088,0.3031903844,0.837520938,0.3729789816,0.3401360544,0.2401031273,0.9389671362,0.3815278041,1.5358361775,0.5079988595,1.3931888545,0.4611499797,1.3888888889,0.4876244082,1.1945392491,0.4487886633,1.7857142857,0.5898995291,2.9227557411,0.7696392792,3.2327586207,0.8210920159,10.542168675,1.6854082726,12.753623188,1.7958950087,7.9518072289,1.328056361,7.4792243767,1.3845043118,6.1135371179,1.1194766163
Community area,Lake View,6,91836,-87.65600100,41.94423600,0.1908396947,0.1348152173,0.289017341,0.1666229319,0.1793721973,0.1267214924,0.1583531275,0.1118838791,0.7448789572,0.2623718115,1.0251630941,0.3075098405,0.1699235344,0.120051955,0.2066115702,0.1459454383,0.2209944751,0.1560939261,0.2207505519,0.1559218276,0.5102040816,0.2544504381,0.7246376812,0.3228915292,0.9174311927,0.4084013121,0.0,,0.5333333333,0.2659546049,0.260756193,0.184141921,1.2544802867,0.4711655415,1.3812154696,0.4337517666,0.9259259259,0.3762535709,1.7379679144,0.4778184871,1.3513513514,0.4244376003,6.3683304647,1.0130622054,7.4954296161,1.1258646862,4.6956521739,0.8822067864,3.3644859813,0.7795623409,2.0588235294,0.5445500012
Community area,Bridgeport,60,33593,-87.64878400,41.83615100,0.3048780488,0.2152524548,0.2506265664,0.1769975255,0.7680491551,0.3421604263,0.3911342894,0.225379422,0.2699055331,0.1905942986,0.7853403141,0.3193524043,0.1233045623,0.1232285187,0.118623962,0.1185535829,0.0,,0.4842615012,0.2415437661,0.7185628743,0.2922962053,0.5961251863,0.2971728521,0.5673758865,0.28288201,0.3025718608,0.2136266922,0.0,,0.4172461752,0.2403940991,1.0050251256,0.4082327748,0.9983361065,0.4055294513,1.7077798861,0.5643781762,3.3613445378,0.8260921173,3.3112582781,0.7280580589,8.4229390681,1.1757313016,12.430426716,1.4211020073,8.1428571429,1.0337031847,7.8431372549,1.0441237737,4.5307443366,0.8366085696
Community area,New City,61,43510,-87.65917100,41.80901700,3.8059701493,0.5227022255,0.8722421755,0.2106251672,4.2087542088,0.5825476736,3.0144927536,0.4116859002,3.3506643559,0.4325301297,4.4950738916,0.5141481667,1.0422380691,0.2378565219,1.0571840461,0.2241978241,1.248328132,0.2344347411,1.6153268219,0.244337373,0.8139104698,0.1728186781,4.3833580981,0.3945778405,3.5476718404,0.3556019893,1.7843866171,0.2552458004,1.2443438914,0.215260547,0.7249295207,0.1702470656,5.8221872541,0.4644399947,6.9361870789,0.5058155714,9.7804391218,0.5935067553,15.158924205,0.7239357018,16.578549849,0.7226918331,38.930659983,0.9965415785,38.294091515,1.0245697121,28.905597327,0.9265025223,23.795559279,0.8715892977,20.758043191,0.8514390282
Community area,West Elsdon,62,18249,-87.72421300,41.79297700,1.7475728155,0.5774118195,0.0,,0.4385964912,0.3094536861,1.3468013468,0.4729488067,0.7668711656,0.3416376681,0.4559270517,0.262628853,0.3973509934,0.2289544665,0.3911342894,0.225379422,0.2427184466,0.1714194467,0.2309468822,0.1631154246,0.2257336343,0.1594375263,0.8595988539,0.3494182131,0.3921568627,0.2259674893,0.6702412869,0.2987348329,0.4968944099,0.2478291761,0.7832898172,0.3185218774,0.4601226994,0.2650400972,1.4778325123,0.4889573074,1.6666666667,0.5843245547,1.6997167139,0.6879839465,2.9972752044,0.8900660689,4.1379310345,1.6539829257,3.9800995025,1.378889809,4.9019607843,1.5116651948,3.29218107,1.1446415702,1.5772870662,0.6997991423
Community area,Gage Park,63,39439,-87.69643300,41.79542900,2.2222222222,0.4011870817,0.6612410987,0.1827879354,2.1996615905,0.4266181973,2.1276595745,0.3609879211,2.4705882353,0.3764814012,2.0011435106,0.3348534029,0.6542526422,0.1808624667,0.5519779209,0.1589019249,0.6263048017,0.1612040065,0.8991399531,0.1866388671,0.8562918838,0.1777831057,2.299731698,0.2934603453,1.5384615385,0.2384119521,1.2523020258,0.2134190167,0.6711409396,0.1576577058,0.6700827749,0.1619735237,3.4122842232,0.3637447075,3.5773710483,0.3787950075,5.1796546897,0.4787293837,6.3862138875,0.5504629489,6.9680851064,0.587210454,15.579710145,0.9762556561,16.866566717,1.0252346785,11.398277005,0.8180805501,11.251758087,0.8379927749,8.596165739,0.6970751282
Community area,Clearing,64,24519,-87.76851700,41.77958200,0.488997555,0.3449270391,0.2066115702,0.2063980182,0.2617801047,0.2614372361,0.4514672686,0.3185141299,0.6666666667,0.3836150334,0.6976744186,0.401394929,0.4347826087,0.30676866,0.4016064257,0.2834078151,0.7604562738,0.3787796435,0.0,,0.3527336861,0.2489800979,0.0,,0.6237006237,0.3589690131,0.8695652174,0.4328881221,0.1964636542,0.1962705695,0.404040404,0.2851219543,0.8571428571,0.4927462164,1.2232415902,0.6078684849,2.1201413428,0.8563195446,1.593625498,0.7904381446,1.9704433498,0.9754667646,3.4482758621,1.3832682019,2.2222222222,1.0986960722,1.0695187166,0.7522088734,1.9900497512,0.9850743768,0.5154639175,0.5141336858
Community area,West Lawn,65,33543,-87.72692700,41.76977400,1.5086206897,0.4001429332,0.5050505051,0.1904084894,0.8353221957,0.3144006997,1.051625239,0.3154053028,1.7108639863,0.3792741515,1.114922813,0.3074953156,0.4310344828,0.1755894374,0.4002668446,0.1630808926,0.4444444444,0.1676104963,0.3761755486,0.1532839004,0.2992220227,0.1336158029,0.7194244604,0.2266821603,0.6535947712,0.2060082665,0.394218134,0.1606213409,0.6451612903,0.2033587263,0.3431708991,0.153207132,1.0989010989,0.2920755132,1.2851405622,0.3192139819,1.4207650273,0.3912400483,2.6041666667,0.5746771995,3.4722222222,0.6822816043,7.0028011204,1.3506310264,7.5,1.3881942707,4.9608355091,1.1095051728,2.6905829596,0.7661842139,2.3569023569,0.6224412227
Community area,Chicago Lawn,66,55789,-87.69566700,41.77184900,1.878914405,0.3101965176,0.7908264136,0.1761335484,2.5516403402,0.3886709491,2.921936328,0.3517174366,3.3043478261,0.3727197735,3.7470725995,0.4110116079,0.7341576507,0.1678079163,0.989010989,0.1893916965,1.0678608336,0.1907666753,1.0086956522,0.1863629916,1.2654012654,0.2039722792,4.9731182796,0.398493434,3.2669570629,0.3135712245,2.3454833597,0.2694403684,1.6124031008,0.221790086,1.65317139,0.2342070806,4.8805116123,0.3952902498,5.9846903271,0.4424627865,7.2484673639,0.492389413,11.093810821,0.6196184249,13.340724316,0.6536320454,25.662878788,0.9504047511,24.291300098,0.9480810349,21.969365427,0.866160199,18.100890208,0.7927305354,15.641766405,0.7379550847
Community area,West Englewood,67,29899,-87.66659800,41.77592600,5.4027504912,0.7085537833,1.4937106918,0.3401117759,6.0433295325,0.8046409863,5.4624908958,0.6132847591,6.4414768264,0.6880503204,6.9835111542,0.7937569737,1.7325017325,0.3434856699,1.7298735862,0.3363089699,1.3020833333,0.2892529354,2.4137931034,0.4030512188,2.9753265602,0.4577030491,7.1810089021,0.6289428752,5.6593095642,0.5496838478,3.2742887815,0.4123092029,2.6243849098,0.3737937368,2.9247910864,0.4446562205,8.1097560976,0.674088122,13.939051919,0.8227877595,17.775520569,0.8615666354,24.821610601,0.9752410788,29.047395589,0.9834358717,51.737914503,0.9987966498,51.065608023,1.0218802429,43.690579084,1.0311046697,36.946277097,1.0477749681,33.385661957,1.0787815508
Community area,Englewood,68,24322,-87.64250200,41.77720100,5.0441361917,0.7771729974,1.9512195122,0.4320283343,4.8476454294,0.7992940763,6.2335381914,0.7163565143,6.2082139446,0.7457485192,6.1988304094,0.8246619314,1.7529880478,0.3704480303,2.0392749245,0.388436375,1.5578635015,0.3372952852,3.1397174254,0.4885774669,3.1107044831,0.5251183511,7.6246334311,0.6427252772,5.7352043929,0.5743276674,3.990746096,0.4707454158,2.2370012092,0.3636240622,2.7027027027,0.450624336,10.542540074,0.7625274575,17.066939193,0.8504450444,19.316493314,0.8785942714,26.728869374,1.0367703164,32.76776246,1.0807900348,54.640776699,0.9810759284,54.007715388,1.0318415818,47.649034425,1.0233366346,42.447679709,1.0542522887,38.368246968,1.1417462595
Community area,Greater Grand Crossing,69,31543,-87.61613900,41.76325100,4.1564792176,0.6978587599,1.0801080108,0.3101118636,3.3478893741,0.6862981878,3.0541012216,0.5082929958,4.3330501274,0.593457454,4.8553719008,0.6908212816,1.1363636364,0.3019754244,1.4365522745,0.3361577474,1.310997815,0.3069729405,2.102973169,0.3863843112,2.2673964034,0.416244194,3.8406827881,0.5125157837,3.9972432805,0.5142667387,2.8673835125,0.4468258929,2.7121001391,0.4283540049,2.7689873418,0.4615187532,7.6696165192,0.7226521511,10.751206065,0.813197556,11.960784314,0.8296065963,17.378277154,1.0370742477,19.887955182,1.0562819806,33.872152829,1.2828755544,35.096870343,1.3028390204,30.763299923,1.2814883195,26.757188498,1.2511246422,23.833757422,1.2408538161
Community area,Lincoln Park,7,63433,-87.64949100,41.92269600,0.1369863014,0.136892443,0.0,,0.0,,0.1101321586,0.1100714964,0.1386962552,0.1386000386,0.0,,0.0,,0.0,,0.1483679525,0.1482578464,0.1730103806,0.1728606529,0.1721170396,0.1719688544,0.7476635514,0.3724316518,0.9146341463,0.5256437952,0.0,,0.3231017771,0.2280980677,0.1805054152,0.1803424306,0.3883495146,0.2740708438,0.6472491909,0.3225755665,1.0676156584,0.4335194107,0.6329113924,0.3154526645,1.9448946515,0.5559561827,7.7639751553,1.491297952,10.402684564,1.7685285757,5.604719764,1.2492582965,5.9748427673,1.3291430192,2.1276595745,0.6346521949
Community area,Ashburn,70,41280,-87.70836300,41.74575600,1.3089005236,0.4111929264,0.412371134,0.205760003,1.393728223,0.489311441,0.7100591716,0.2888494482,0.3351955307,0.1932006137,0.7001166861,0.284819141,0.3972194638,0.1982148811,0.356824264,0.1780935387,0.5281690141,0.2150539134,0.5093378608,0.2074060857,0.2446982055,0.1411036184,0.6008583691,0.2264198048,0.2477291495,0.1428492221,0.6933744222,0.2303221334,0.8527131783,0.2560041758,0.7943512798,0.2637300065,1.0064043916,0.3019115515,1.6585365854,0.3989044937,2.095459837,0.488702437,2.5435073628,0.5760518655,4.1722745626,0.7335633465,7.0103092784,1.1593514821,5.8947368421,1.0806681771,7.7092511013,1.2518642993,4.1666666667,0.8900971451,5.2816901408,0.9384891621
Community area,Auburn Gresham,71,44959,-87.65630500,41.74420300,3.256302521,0.5752481616,1.0788381743,0.2975974691,3.5108958838,0.6404099762,4.1429731925,0.5679878063,3.5889070147,0.5312505238,3.4782608696,0.5695390019,1.6116653876,0.3488486418,1.654676259,0.3421574298,1.6842105263,0.3408806835,1.566951567,0.3314474638,1.776830135,0.3521947515,3.4129692833,0.474358607,3.7685060565,0.4940078136,2.1912350598,0.3772427356,1.8799272286,0.3344561006,2.510460251,0.4131246502,6.4841498559,0.6609588192,9.6733668342,0.7408413396,11.950790861,0.7851349176,15.73964497,0.8858613544,17.211703959,0.904165043,34.544438234,1.1242351876,33.634821933,1.1233129922,31.082725061,1.1414915086,24.414519906,1.0394398173,22.208436725,1.0352440077
Community area,Beverly,72,19950,-87.67507200,41.71314800,1.3824884793,0.7926435195,0.0,,0.4901960784,0.4889931415,0.9433962264,0.6639278,1.1811023622,0.677870779,1.9704433498,0.9754667646,0.0,,1.2396694215,0.7112733369,0.7936507937,0.5589644542,2.6785714286,1.0787774122,1.5151515152,0.7518146416,1.6556291391,0.7342649748,0.5934718101,0.4184008422,0.0,,0.6097560976,0.4298461411,1.3114754098,0.6514235942,0.7407407407,0.5218392587,2.5362318841,0.946371247,2.1604938272,0.8077205565,3.0927835052,1.0148604439,3.937007874,1.2202374178,7.03125,1.5979558762,9.2783505155,2.0830034611,5.9139784946,1.7296010912,3.3333333333,1.2387055883,3.4615384615,1.1336998613
Community area,Washington Heights,73,25075,-87.64889700,41.71749500,2.7484143763,0.7517248046,0.6012024048,0.3460593974,2.0231213873,0.7568934046,4.3841336117,0.9354899285,5.1724137931,1.0281464688,4.2194092827,0.9233692588,0.3738317757,0.2638444294,0.6779661017,0.3378320015,0.8431703204,0.3754841638,1.5679442509,0.5185344799,1.3513513514,0.4745356633,3.3386327504,0.7162843606,2.086438152,0.5517761472,1.1887072808,0.417766123,1.7520215633,0.4816478016,2.2556390977,0.5757975861,3.0581039755,0.6732757995,3.9436619718,0.7304385403,5.3876478318,0.8184293425,8.3645443196,0.9782202688,12.656641604,1.1769899077,22.133333333,1.5158930872,20.410958904,1.4917529667,19.571865443,1.5514266037,13.728549142,1.3593048218,12.804878049,1.3046135905
Community area,Mount Greenwood,74,18633,-87.71318900,41.69487600,1.6393442623,1.149650612,0.0,,0.0,,0.0,,0.4385964912,0.4376335999,0.0,,0.0,,0.0,,0.0,,0.0,,0.0,,0.641025641,0.6389677685,0.0,,0.4854368932,0.4842572149,0.0,,0.0,,0.6578947368,0.6557270382,0.0,,0.0,,1.6393442623,1.149650612,2.0202020202,1.4139956489,2.8368794326,1.3981752504,3.2786885246,1.6122457965,1.0101010101,1.0049865417,0.826446281,0.8230241285,1.4814814815,1.0397769019
Community area,Morgan Park,75,21714,-87.66906200,41.68972900,1.083032491,0.6218938402,0.583090379,0.4111033419,1.8264840183,0.904863465,2.0408163265,0.7634445139,1.1869436202,0.5899392084,0.3401360544,0.339557099,0.0,,0.7653061224,0.4401556971,0.6993006993,0.402327287,1.3157894737,0.5336230958,1.5837104072,0.5938274161,0.7058823529,0.4061004379,1.9823788546,0.6542104559,1.5909090909,0.5965048147,1.1235955056,0.4561216649,0.8948545861,0.4454208825,2.6699029126,0.7941868738,2.8169014085,0.8016344912,4.7297297297,1.0074079549,3.6281179138,0.8904234155,7.6738609113,1.3034706943,14.175257732,1.7707443841,14.470284238,1.7883048849,13.076923077,1.707214248,8.8888888889,1.414105784,9.1836734694,1.4586367417
Community area,O'Hare,76,14416,-87.89369900,41.97569600,1.2931034483,0.7417309331,0.5494505495,0.5479389907,0.5050505051,0.5037735106,2.9166666667,1.0862007991,2.2988505747,0.9276517205,1.8264840183,0.904863465,0.0,,0.0,,0.0,,0.0,,0.0,,0.641025641,0.6389677685,0.0,,0.6329113924,0.6309053291,0.0,,0.0,,0.0,,1.6806722689,1.1783857625,0.8771929825,0.8733371705,0.9900990099,0.9851853368,1.0526315789,1.0470767561,3.488372093,1.9785726281,0.0,,0.0,,0.0,,0.0,
Community area,Edgewater,77,47343,-87.66341900,41.98671900,0.624024961,0.3110374391,0.3722084367,0.2144943403,0.8130081301,0.3621072715,1.3381995134,0.4007735425,1.8205461638,0.4821120472,1.8203883495,0.4657244868,0.9153318078,0.322134167,0.1131221719,0.1130581707,0.7352941176,0.2990769179,0.5319148936,0.2652491701,0.9661835749,0.339943244,1.4778325123,0.4234494496,1.6355140187,0.4335202781,0.8215962441,0.3092558918,0.3444316877,0.1985149677,0.8045977011,0.3028834468,1.8844221106,0.481949512,1.8669778296,0.4623669215,3.4013605442,0.5650724739,3.6414565826,0.5723846071,3.4722222222,0.5393909688,9.8389982111,0.8907665566,9.4178082192,0.8546236606,7.027027027,0.7671895556,5.8528428094,0.6787681346,4.5611015491,0.6120607298
Community area,Near North Side,8,95467,-87.63331800,41.89961100,0.7989347537,0.3248582168,0.2232142857,0.1576600801,0.3171247357,0.1828015059,0.4533091568,0.2022660082,0.4268943436,0.2129910876,0.2234636872,0.1578360393,0.4464285714,0.2227154822,0.1162790698,0.116211446,0.1191895113,0.1191184594,0.0,,0.0,,1.329787234,0.4177103071,0.566572238,0.2824824688,0.2941176471,0.2076665155,0.6784260516,0.3023704254,0.0,,1.464713715,0.4383815793,1.2861736334,0.368890926,1.6949152542,0.4075787365,3.4482758621,0.5647168787,3.0008826125,0.5068663265,18.073188947,1.051574706,16.317016317,1.030029537,7.3891625616,0.7495573586,6.7010309278,0.7328797863,5.1020408163,0.7028899972
Community area,Edison Park,9,11521,-87.81378000,42.00762700,0.8403361345,0.8367978613,0.0,,0.0,,0.0,,0.0,,0.0,,0.0,,0.0,,0.9259259259,0.9216292627,0.8,0.7967935743,0.0,,0.0,,0.0,,0.0,,0.0,,0.0,,1.0752688172,1.0694721776,0.0,,0.0,,0.0,,1.4084507042,1.3984968643,2.0618556701,1.4428434062,2.3255813953,1.6252005626,1.4925373134,1.4813571012,0.0,,1.3698630137,1.3604480361
